,rank_test_score,param_LogReg__C,mean_test_score,mean_train_score
0,4,1e-05,0.8398591031484779,0.8398590453588717
1,4,1.5998587196060572e-05,0.8398591031484779,0.8398590453588717
2,4,2.559547922699533e-05,0.8398591031484779,0.8398590453588717
3,4,4.094915062380427e-05,0.8398591031484779,0.8398590453588717
4,4,6.55128556859551e-05,0.8398591031484779,0.8398590453588717
