,rank_test_score,param_LogReg__C,mean_test_score,mean_train_score
9,1,0.000687,0.839989,0.83999
11,2,0.001758,0.839989,0.839816
14,3,0.007197,0.839859,0.839743
0,4,1e-05,0.839859,0.839859
1,4,1.6e-05,0.839859,0.839859
